{
  "visual": {
    "name": "helloworld",
    "displayName": "helloworld",
    "guid": "helloworld38B05279DCB848948B6828F2697FCFC6",
    "visualClassName": "Visual",
    "version": "1.0.0",
    "description": "",
    "supportUrl": "",
    "gitHubUrl": ""
  },
  "apiVersion": "1.7.0",
  "author": {
    "name": "",
    "email": ""
  },
  "assets": {
    "icon": "assets/icon.png"
  },
  "externalJS": [
    "node_modules/powerbi-visuals-utils-dataviewutils/lib/index.js"
    ,"node_modules/d3/d3.min.js"
    ,"node_modules/jquery/dist/jquery.min.js"
    ,"node_modules/lodash/lodash.min.js"
    ,"node_modules/bootstrap/dist/js/bootstrap.min.js"
  ],
  "style": "style/visual.less",
  "capabilities": "capabilities.json",
  "dependencies": "dependencies.json",
  "stringResources": []
}
