{
    "$schema": "https://schema.management.azure.com/schemas/2015-01-01/deploymentParameters.json#",
    "contentVersion": "1.0.0.0",
    "parameters": {
        "location": {
            "value": "eastus"
        },
        "virtualMachineName": {
            "value": "mylinuxubuntu"
        },
        "virtualMachineSize": {
            "value": "Standard_D4s_v3"
        },
        "adminUsername": {
            "value": "venkatubuntu"
        },
        "virtualNetworkName": {
            "value": "onthefly-vnet"
        },
        "networkInterfaceName": {
            "value": "mylinuxubuntu465"
        },
        "networkSecurityGroupName": {
            "value": "mylinuxubuntu-nsg"
        },
        "adminPassword": {
            "value": null
        },
        "diagnosticsStorageAccountName": {
            "value": "ontheflydiag323"
        },
        "diagnosticsStorageAccountType": {
            "value": "Standard_LRS"
        },
        "diagnosticsStorageAccountId": {
            "value": "Microsoft.Storage/storageAccounts/ontheflydiag323"
        },
        "addressPrefix": {
            "value": "10.0.0.0/24"
        },
        "subnetName": {
            "value": "default"
        },
        "subnetPrefix": {
            "value": "10.0.0.0/24"
        },
        "publicIpAddressName": {
            "value": "mylinuxubuntu-ip"
        },
        "publicIpAddressType": {
            "value": "Static"
        },
        "publicIpAddressSku": {
            "value": "Basic"
        }
    }
}