{
  "visual": {
    "name": "testVisualAug27",
    "displayName": "testVisualAug27",
    "guid": "testVisualAug27FE009F9C6D594EAAA6183C18D16647F0",
    "visualClassName": "Visual",
    "version": "1.0.0",
    "description": "",
    "supportUrl": "",
    "gitHubUrl": ""
  },
  "apiVersion": "1.7.0",
  "author": {
    "name": "",
    "email": ""
  },
  "assets": {
    "icon": "assets/icon.png"
  },
  "externalJS": [
    "node_modules/powerbi-visuals-utils-dataviewutils/lib/index.js",
    "node_modules/d3/d3.min.js"
  ],
  "style": "style/visual.less",
  "capabilities": "capabilities.json",
  "dependencies": "dependencies.json",
  "stringResources": []
}
