{
  "visual": {
    "name": "simpleBarchart",
    "displayName": "SimpleBarchart",
    "guid": "PBI_CV_0B9C9FBA_15A2_4A94_8AE4_8F778869B190",
    "visualClassName": "SimpleBarchart",
    "version": "1.0.0",
    "description": "",
    "supportUrl": "",
    "gitHubUrl": ""
  },
  "apiVersion": "1.5.0",
  "author": {
    "name": "",
    "email": ""
  },
  "assets": {
    "icon": "assets/icon.png"
  },
  "externalJS": [
    "node_modules/jquery/dist/jquery.js",
    "node_modules/d3/d3.js",
    "node_modules/lodash/lodash.min.js",
    "node_modules/globalize/lib/globalize.js",
    "node_modules/globalize/lib/cultures/globalize.culture.en-US.js",
    "node_modules/powerbi-visuals-utils-typeutils/lib/index.js",
    "node_modules/powerbi-visuals-utils-svgutils/lib/index.js",
    "node_modules/powerbi-visuals-utils-dataviewutils/lib/index.js",
    "node_modules/powerbi-visuals-utils-formattingutils/lib/index.js"
  ],
  "style": "style/visual.less",
  "capabilities": "capabilities.json",
  "dependencies": "dependencies.json"
}
