<?xml version="1.0" encoding="utf-8"?>
<NetworkConfiguration xmlns="http://schemas.microsoft.com/ServiceHosting/2011/07/NetworkConfiguration">
  <VirtualNetworkConfiguration>
    <Dns>
      <DnsServers>
        <DnsServer name="DNS1" IPAddress="10.10.1.1"/>
      </DnsServers>
    </Dns>
    <VirtualNetworkSites>
      <VirtualNetworkSite name="PSAutomation" Location="West US">
        <DnsServersRef>
          <DnsServerRef name="DNS1"/>
        </DnsServersRef>
        <Subnets>
          <Subnet name="SubProxyServer">
            <AddressPrefix>10.10.2.32/27</AddressPrefix>
          </Subnet>
        </Subnets>
        <AddressSpace>
          <AddressPrefix>10.10.1.0/16</AddressPrefix>
        </AddressSpace>
      </VirtualNetworkSite>
    </VirtualNetworkSites>
  </VirtualNetworkConfiguration>
</NetworkConfiguration>